149334066415068,1,9.174581,0.756568,2.011129,0.082277,-5.000000
149334076713245,4,-0.027698,-0.035155,-0.027698,0.082277,-5.000000
149334086556631,1,10.362105,0.622492,1.723825,0.082277,-5.000000
149334096455693,4,-0.027698,-0.035155,-0.027698,0.081683,-5.000000
149334106495745,1,9.643845,0.775721,1.158794,0.081683,-5.000000
149334116493818,4,0.019175,-0.042612,0.218386,0.077455,-5.000000
149334126769808,1,9.701305,0.909797,1.244985,0.077455,-5.000000
149334136555172,4,0.110791,0.002131,0.187492,0.074684,-5.000000
149334146595745,1,9.777920,0.919373,1.321599,0.074684,-5.000000
149334156588766,4,0.001065,-0.041547,0.221582,0.071420,-5.000000
149334166587985,1,9.768343,0.861913,1.235408,0.071420,-5.000000
149334176950068,4,-0.145946,-0.046873,0.272716,0.066974,-5.000000
149334186634808,1,9.662998,0.756568,1.110910,0.066974,-5.000000
149334196717985,4,-0.158729,-0.143815,0.290826,0.062071,-5.000000
149334206754026,1,9.634268,0.756568,1.015141,0.062071,-5.000000
149334216870381,4,-0.098007,-0.239692,0.267390,0.057767,-5.000000
149334226876735,1,9.548077,0.689530,1.063026,0.057767,-5.000000
149334237121266,4,-0.059657,-0.209863,0.182166,0.054978,-5.000000
149334247060276,1,9.682152,0.478840,0.938527,0.054978,-5.000000
149334257129547,4,-0.084158,-0.072440,0.105464,0.052696,-5.000000
149334267270849,1,9.710882,0.277727,0.766145,0.052696,-5.000000
149334277402880,4,-0.104399,-0.018110,0.078832,0.049972,-5.000000
149334287172776,1,9.672575,0.105345,0.794875,0.049972,-5.000000
149334297151735,4,-0.073505,0.002131,0.063918,0.046819,-5.000000
149334307096995,1,9.634268,0.172383,0.919373,0.046819,-5.000000
149334317275849,4,-0.027698,-0.007457,0.041547,0.044578,-5.000000
149334327228349,1,9.672575,0.076614,1.053449,0.044578,-5.000000
149334337004599,4,-0.007457,-0.001065,0.027698,0.042226,-5.000000
149334347172985,1,9.768343,0.086191,1.082179,0.042226,-5.000000
149334357272880,4,0.006392,-0.008522,0.012784,0.040310,-5.000000
149334367261578,1,9.787497,0.114922,1.082179,0.040310,-5.000000
149334377347151,4,0.005326,-0.034090,-0.001065,0.038902,-0.000000
149334387140537,1,9.749189,0.124498,1.072602,0.038902,-0.000000
149334397391526,4,0.006392,-0.043677,-0.023437,0.038041,-0.000000
149334407488089,1,9.682152,0.105345,1.120486,0.038041,-0.000000
149334417514860,4,0.036220,-0.030894,-0.047938,0.037600,-0.000000
149334427489443,1,9.720459,0.057461,0.957681,0.037600,-0.000000
149334437445328,4,0.044742,-0.051134,-0.063918,0.037226,-0.000000
149334447494495,1,9.710882,0.162806,0.928950,0.037226,-0.000000
149334457490901,4,0.041547,-0.054330,-0.077767,0.037683,-0.000000
149334467608401,1,9.720459,0.229843,0.938527,0.037683,-0.000000
149334477571578,4,0.041547,0.002131,-0.103334,0.038953,-0.000000
149334487579443,1,9.797073,0.239420,1.034295,0.038953,-0.000000
149334497346787,4,0.008522,0.045808,-0.124640,0.040568,-5.000000
149334507609026,1,9.969456,0.363919,1.244985,0.040568,-5.000000
149334517629964,4,-0.083093,-0.020241,-0.115052,0.042581,-5.000000
149334527699026,1,9.969456,0.287304,1.168370,0.042581,-5.000000
149334537881995,4,-0.134227,-0.107595,-0.091616,0.043655,-5.000000
149334547726058,1,9.797073,0.316035,1.024718,0.043655,-5.000000
149334557866630,4,-0.079897,-0.116117,-0.116117,0.045289,-5.000000
149334567791266,1,9.835381,0.363919,0.938527,0.045289,-5.000000
149334577854860,4,-0.029828,-0.104399,-0.119313,0.047140,-5.000000
149334587877412,1,9.835381,0.325611,0.890643,0.047140,-5.000000
149334597844443,4,0.008522,-0.126770,-0.101203,0.048359,-5.000000
149334607914547,1,9.758766,0.363919,0.756568,0.048359,-5.000000
149334617653870,4,0.034090,-0.122509,-0.083093,0.049369,-5.000000
149334627975016,1,9.797073,0.488417,0.842759,0.049369,-5.000000
149334637785849,4,0.051134,-0.060722,-0.064983,0.050634,-5.000000
149334648222307,1,9.710882,0.497994,0.766145,0.050634,-5.000000
149334658265693,4,0.066048,-0.063918,-0.044742,0.051534,-5.000000
149334668188089,1,9.643845,0.478840,0.718261,0.051534,-5.000000
149334678165328,4,0.094811,-0.066048,-0.039416,0.052183,-5.000000
149334688363193,1,9.634268,0.507571,0.794875,0.052183,-5.000000
149334698535485,4,0.101203,-0.044742,-0.019175,0.052577,-5.000000
149334708460745,1,9.720459,0.440533,0.919373,0.052577,-5.000000
149334718592047,4,0.077767,-0.066048,0.040481,0.051441,-5.000000
149334728373401,1,9.605537,0.488417,0.976834,0.051441,-5.000000
149334738703766,4,0.064983,-0.061787,0.058591,0.050290,-5.000000
149334748487255,1,9.576807,0.536301,0.881066,0.050290,-5.000000
149334758384078,4,0.087354,-0.041547,0.051134,0.049617,-5.000000
149334768441422,1,9.701305,0.478840,0.804452,0.049617,-5.000000
149334778559495,4,0.072440,-0.067114,0.080963,0.048050,-5.000000
149334788602568,1,9.586384,0.430956,0.746991,0.048050,-5.000000
149334798624130,4,0.049004,-0.069244,0.084158,0.046289,-5.000000
149334808548557,1,9.624691,0.450110,0.718261,0.046289,-5.000000
149334818767620,4,0.026632,-0.031959,0.072440,0.044925,-5.000000
149334829797307,1,9.672575,0.411803,0.622492,0.044925,-5.000000
149334838797516,4,0.013849,-0.005326,0.079897,0.043286,-5.000000
149334848633297,1,9.634268,0.373495,0.545878,0.043286,-5.000000
149334858638037,4,0.000000,0.045808,0.072440,0.041694,-5.000000
149334868671422,1,9.777920,0.459687,0.632069,0.041694,-5.000000
149334878675224,4,-0.009588,0.030894,0.104399,0.039971,-5.000000
149334888695849,1,9.710882,0.306458,0.708684,0.039971,-5.000000
149334898824287,4,-0.017045,0.028763,0.092681,0.037776,-0.000000
149334908756318,1,9.806650,0.268151,0.689530,0.037776,-0.000000
149334918783453,4,-0.030894,0.085224,0.057526,0.036163,-0.000000
149334928837724,1,9.854534,0.392649,0.737414,0.036163,-0.000000
149334938747360,4,-0.059657,0.107595,0.042612,0.035538,-0.000000
149334948562151,1,9.883265,0.373495,0.928950,0.035538,-0.000000
149334958599755,4,-0.044742,0.035155,0.037285,0.034946,-0.000000
149334968687776,1,9.816227,0.181959,0.852336,0.034946,-0.000000
149334978982984,4,0.000000,0.007457,0.005326,0.034023,-0.000000
149334989128609,1,9.892841,0.325611,0.881066,0.034023,-0.000000
149334999045432,4,0.051134,0.039416,0.007457,0.033824,-0.000000
149335009035120,1,9.787497,0.316035,0.986411,0.033824,-0.000000
149335019133297,4,0.069244,0.014914,0.001065,0.033727,-0.000000
149335029124339,1,9.825804,0.344765,0.986411,0.033727,-0.000000
149335039146578,4,0.074571,-0.015979,0.000000,0.033794,-0.000000
149335049184807,1,9.854534,0.392649,0.775721,0.033794,-0.000000
149335059318453,4,0.042612,-0.037285,0.007457,0.033953,-0.000000
149335069332828,1,9.749189,0.497994,0.842759,0.033953,-0.000000
149335079271787,4,-0.023437,-0.042612,0.010653,0.034605,-0.000000
149335089278245,1,9.749189,0.344765,0.670376,0.034605,-0.000000
149335099589443,4,-0.031959,-0.058591,0.026632,0.034128,-0.000000
149335109306578,1,9.682152,0.210690,0.689530,0.034128,-0.000000
149335119335849,4,-0.020241,-0.040481,0.028763,0.032970,-0.000000
149335129367255,1,9.691729,0.296881,0.584185,0.032970,-0.000000
149335139180849,4,-0.025567,-0.018110,0.027698,0.032330,-0.000000
149335149424339,1,9.567230,0.440533,0.708684,0.032330,-0.000000
149335159454339,4,-0.040481,0.105464,0.008522,0.032850,-0.000000
149335169469026,1,9.739613,0.411803,0.689530,0.032850,-0.000000
149335179576422,4,-0.061787,0.120379,0.014914,0.033036,-0.000000
149335189526943,1,9.567230,0.191536,0.746991,0.033036,-0.000000
149335199713141,4,-0.072440,0.101203,0.020241,0.031998,-0.000000
149335209717203,1,9.452309,0.143652,0.555455,0.031998,-0.000000
149335219677255,4,-0.046873,0.138489,0.000000,0.031157,-0.000000
149335229642203,1,9.758766,0.172383,0.679953,0.031157,-0.000000
149335239661526,4,-0.043677,0.098007,0.031959,0.029876,-0.000000
149335249699078,1,9.816227,0.057461,0.804452,0.029876,-0.000000
149335259788245,4,-0.028763,0.025567,0.061787,0.027493,-0.000000
149335269961109,1,9.662998,0.076614,0.900220,0.027493,-0.000000
149335279747359,4,0.043677,0.025567,0.021306,0.026111,-0.000000
149335290126005,1,9.662998,0.191536,0.995988,0.026111,-0.000000
149335299883766,4,0.121444,0.077767,-0.037285,0.026510,-0.000000
149335309844234,1,9.921572,0.268151,1.063026,0.026510,-0.000000
149335319877255,4,0.167252,0.031959,-0.037285,0.027244,-0.000000
149335329897828,1,9.979033,0.258574,1.120486,0.027244,-0.000000
149335339948036,4,0.148076,-0.036220,-0.015979,0.027481,-0.000000
149335349980745,1,9.950302,0.277727,1.091756,0.027481,-0.000000
149335360104078,4,0.102269,-0.009588,0.004261,0.027421,-0.000000
149335370066682,1,9.873688,0.239420,1.063026,0.027421,-0.000000
149335380777307,4,0.054330,-0.035155,0.013849,0.026990,-0.000000
149335393120953,1,9.825804,0.229843,1.053449,0.026990,-0.000000
149335400142411,4,0.053265,0.001065,0.012784,0.026575,-0.000000
149335410145276,1,9.825804,0.316035,1.063026,0.026575,-0.000000
149335420241109,4,0.042612,-0.009588,0.006392,0.026732,-0.000000
149335430219234,1,9.835381,0.363919,1.120486,0.026732,-0.000000
149335440245380,4,0.023437,-0.074571,0.014914,0.026961,-0.000000
149335450368192,1,9.844957,0.373495,0.976834,0.026961,-0.000000
149335460343609,4,0.011718,-0.066048,0.011718,0.027285,-0.000000
149335470318244,1,9.701305,0.316035,0.814029,0.027285,-0.000000
149335480558973,4,0.006392,-0.053265,0.001065,0.027529,-0.000000
149335490620692,1,9.643845,0.229843,0.660800,0.027529,-0.000000
149335500530692,4,0.027698,-0.054330,0.006392,0.027222,-0.000000
149335510465431,1,9.615114,0.287304,0.727837,0.027222,-0.000000
149335520515848,4,0.047938,-0.049004,0.008522,0.027193,-0.000000
149335530530536,1,9.595961,0.248997,0.641646,0.027193,-0.000000
149335540626525,4,0.078832,-0.011718,0.004261,0.027049,-0.000000
149335550572254,1,9.576807,0.268151,0.612916,0.027049,-0.000000
149335560596942,4,0.106530,0.049004,-0.010653,0.027298,-0.000000
149335570607202,1,9.691729,0.325611,0.632069,0.027298,-0.000000
149335580947254,4,0.098007,0.052200,0.013849,0.027345,-0.000000
149335591246161,1,9.777920,0.392649,0.919373,0.027345,-0.000000
149335600751213,4,0.098007,0.042612,0.035155,0.027323,-0.000000
149335610720119,1,9.864111,0.258574,0.957681,0.027323,-0.000000
149335621518556,4,0.122509,-0.031959,0.040481,0.026469,-0.000000
149335631017775,1,9.730036,0.000000,0.632069,0.026469,-0.000000
149335640598452,4,0.247149,-0.043677,0.010653,0.024952,-0.000000
149335650796681,1,9.730036,0.258574,0.804452,0.024952,-0.000000
149335661018036,4,0.255671,0.003196,-0.009588,0.025219,-0.000000
149335670898556,1,9.768343,0.497994,1.034295,0.025219,-0.000000
149335680896004,4,0.132097,-0.012784,0.010653,0.026304,-0.000000
149335690882827,1,9.797073,0.536301,1.120486,0.026304,-0.000000
149335701009494,4,-0.005326,-0.052200,0.039416,0.026970,-0.000000
149335711115119,1,9.844957,0.555455,1.216254,0.026970,-0.000000
149335721006733,4,-0.084158,-0.066048,0.049004,0.027508,-0.000000
149335731058400,1,9.797073,0.430956,1.168370,0.027508,-0.000000
149335741687619,4,-0.101203,-0.055395,0.053265,0.027284,-0.000000
149335751563452,1,9.682152,0.210690,0.890643,0.027284,-0.000000
149335761502358,4,-0.051134,-0.046873,0.033024,0.026386,-0.000000
149335771266265,1,9.777920,0.057461,0.593762,0.026386,-0.000000
149335781206421,4,-0.007457,-0.023437,0.040481,0.024603,-0.000000
149335791399963,1,9.538500,0.162806,0.517148,0.024603,-0.000000
149335801534129,4,-0.011718,0.037285,0.029828,0.023650,-0.000000
149335811335744,1,9.538500,0.268151,0.478840,0.023650,-0.000000
149335821288036,4,-0.026632,0.106530,-0.015979,0.024173,-0.000000
149335832449858,1,9.739613,0.517148,0.670376,0.024173,-0.000000
149335841355900,4,-0.038351,0.141684,-0.010653,0.025820,-0.000000
149335851326733,1,9.691729,0.354342,0.852336,0.025820,-0.000000
149335861419233,4,-0.069244,0.155533,0.011718,0.026133,-0.000000
149335871408348,1,9.691729,0.316035,1.101333,0.026133,-0.000000
149335881465536,4,-0.102269,0.174709,-0.006392,0.026577,-0.000000
149335891225744,1,9.921572,0.268151,1.063026,0.026577,-0.000000
149335901387150,4,-0.157664,0.126770,-0.006392,0.026721,-0.000000
149335911807046,1,9.959879,0.220267,1.043872,0.026721,-0.000000
149335922604285,4,-0.156599,0.125705,0.018110,0.026125,-0.000000
149335931624077,1,9.768343,-0.248997,1.101333,0.026125,-0.000000
149335941376265,4,-0.099073,0.096942,0.002131,0.023507,-0.000000
149335951262046,1,9.730036,-0.335188,0.823605,0.023507,-0.000000
149335961292775,4,0.085224,-0.058591,-0.060722,0.021758,-0.000000
149335971354494,1,9.825804,0.124498,0.670376,0.021758,-0.000000
149335981748765,4,0.262063,-0.052200,-0.105464,0.023354,-0.000000
149335992209598,1,10.036493,0.402226,0.881066,0.023354,-0.000000
149336001859077,4,0.284434,0.007457,-0.054330,0.025227,-0.000000
149336012049181,1,9.988609,0.565032,1.110910,0.025227,-0.000000
149336022134338,4,0.198145,0.020241,0.046873,0.025888,-0.000000
149336031946838,1,9.758766,0.459687,1.034295,0.025888,-0.000000
149336042055171,4,0.069244,-0.024502,0.103334,0.024991,-0.000000
149336052212983,1,9.538500,0.229843,1.225831,0.024991,-0.000000
149336062766056,4,-0.041547,-0.040481,0.055395,0.023856,-0.000000
149336072170067,1,9.461885,0.047884,1.264138,0.023856,-0.000000
149336082165848,4,-0.129966,-0.086289,-0.059657,0.024016,-0.000000
149336091984754,1,9.691729,0.268151,1.264138,0.024016,-0.000000
149336102164129,4,-0.145946,-0.128901,-0.115052,0.026384,-0.000000
149336112107306,1,9.892841,0.258574,1.024718,0.026384,-0.000000
149336122085431,4,-0.136358,-0.133162,-0.064983,0.027601,-0.000000
149336132105692,1,9.768343,0.086191,0.919373,0.027601,-0.000000
149336141891629,4,-0.080963,-0.157664,-0.017045,0.026983,-0.000000
149336152590848,1,9.710882,0.086191,0.766145,0.026983,-0.000000
149336164280327,4,-0.013849,-0.101203,-0.004261,0.026168,-0.000000
149336172474025,1,9.557653,0.114922,0.814029,0.026168,-0.000000
149336182321108,4,0.043677,-0.127836,-0.030894,0.025991,-0.000000
149336192281629,1,9.557653,0.153229,0.708684,0.025991,-0.000000
149336202317723,4,0.028763,-0.115052,-0.066048,0.026747,-0.000000
149336212625900,1,9.595961,0.277727,0.603339,0.026747,-0.000000
149336222477410,4,-0.024502,-0.057526,-0.062853,0.028060,-0.000000
149336232902827,1,9.672575,0.354342,0.612916,0.028060,-0.000000
149336242562775,4,-0.041547,-0.007457,-0.015979,0.028793,-0.000000
149336252743973,1,9.605537,0.162806,0.632069,0.028793,-0.000000
149336262598660,4,-0.019175,-0.055395,-0.039416,0.028951,-0.000000
149336272491942,1,9.528923,0.191536,0.699107,0.028951,-0.000000
149336282462046,4,-0.001065,-0.122509,-0.139554,0.031142,-0.000000
149336292494598,1,9.864111,0.402226,0.641646,0.031142,-0.000000
149336302604858,4,-0.019175,-0.112921,-0.177905,0.035027,-0.000000
149336312557931,1,10.160992,0.507571,0.670376,0.035027,-0.000000
149336322610692,4,-0.053265,-0.063918,-0.096942,0.037613,-0.000000
149336332640692,1,10.132261,0.718261,0.670376,0.037613,-0.000000
149336342492775,4,-0.004261,-0.031959,-0.010653,0.039473,-5.000000
149336352935587,1,9.988609,0.699107,0.900220,0.039473,-5.000000
149336362892723,4,0.078832,-0.068179,0.017045,0.040662,-5.000000
149336372785744,1,9.911995,0.699107,0.995988,0.040662,-5.000000
149336383015535,4,0.112921,-0.193884,-0.020241,0.042537,-5.000000
149336392736160,1,9.864111,0.785298,0.833182,0.042537,-5.000000
149336404243191,4,0.055395,-0.209863,-0.054330,0.045478,-5.000000
149336412910223,1,9.892841,0.833182,0.632069,0.045478,-5.000000
149336422878296,4,-0.054330,-0.150207,-0.024502,0.047839,-5.000000
149336432894598,1,9.739613,0.612916,0.373495,0.047839,-5.000000
149336442973869,4,-0.131032,-0.054330,0.026632,0.048081,-5.000000
149336452886525,1,9.672575,0.363919,0.191536,0.048081,-5.000000
149336463000848,4,-0.107595,-0.026632,0.022371,0.047132,-5.000000
149336472955900,1,9.758766,0.277727,0.220267,0.047132,-5.000000
149336482975327,4,-0.009588,0.041547,0.030894,0.045611,-5.000000
149336492983608,1,9.873688,0.325611,0.344765,0.045611,-5.000000
149336503137514,4,0.098007,-0.003196,0.046873,0.044081,-5.000000
149336513191004,1,9.931149,0.392649,0.383072,0.044081,-5.000000
149336523291577,4,0.139554,0.011718,0.042612,0.043037,-5.000000
149336533113348,1,9.950302,0.469264,0.555455,0.043037,-5.000000
149336543206473,4,0.113987,0.058591,0.036220,0.042556,-5.000000
149336553265171,1,9.940725,0.555455,0.852336,0.042556,-5.000000
149336563529962,4,0.055395,0.070310,0.030894,0.042623,-5.000000
149336573669077,1,9.854534,0.526724,0.909797,0.042623,-5.000000
149336583272879,4,0.030894,0.045808,-0.026632,0.043661,-5.000000
149336593288869,1,9.931149,0.593762,1.043872,0.043661,-5.000000
149336603368764,4,0.046873,-0.088420,-0.139554,0.047128,-5.000000
149336613333087,1,10.228029,1.053449,0.890643,0.047128,-5.000000
149336623408504,4,0.039416,-0.101203,-0.135293,0.052479,-5.000000
149336633335379,1,10.304645,0.948104,0.670376,0.052479,-5.000000
149336643195275,4,-0.011718,-0.112921,-0.043677,0.055264,-5.000000
149336653457462,1,10.017340,0.670376,0.392649,0.055264,-5.000000
149336663605014,4,-0.036220,-0.099073,-0.013849,0.056110,-5.000000
149336673478556,1,9.892841,0.488417,0.258574,0.056110,-5.000000
149336683494650,4,-0.001065,-0.090550,-0.033024,0.056395,-5.000000
149336693510483,1,9.691729,0.162806,0.296881,0.056395,-5.000000
149336703398764,4,0.002131,0.026632,-0.094811,0.056208,-5.000000
149336713565743,1,9.174581,-0.287304,0.229843,0.056208,-5.000000
149336723630118,4,-0.109726,0.255671,-0.203472,0.055743,-5.000000
149336733767358,1,10.017340,0.057461,0.248997,0.055743,-5.000000
149336743794389,4,-0.160860,0.173643,-0.080963,0.054794,-5.000000
149336753805223,1,9.509769,-0.162806,0.507571,0.054794,-5.000000
149336763878139,4,-0.043677,0.196015,-0.075636,0.052641,-5.000000
149336773892358,1,9.442732,0.009577,0.632069,0.052641,-5.000000
149336783969233,4,0.153403,0.091616,-0.242888,0.054696,-5.000000
149336793802098,1,9.471462,0.067038,0.603339,0.054696,-5.000000
149336803840431,4,0.295087,-0.046873,-0.486841,0.061505,-5.000000
149336813843504,1,9.691729,0.373495,0.670376,0.061505,-5.000000
149336823960275,4,0.265259,-0.042612,-0.692443,0.073591,-5.000000
149336834180223,1,10.189722,0.737414,0.651223,0.073591,-5.000000
149336844018816,4,0.030894,0.170448,-0.806430,0.088891,-5.000000
149336853969806,1,10.314221,0.852336,0.928950,0.088891,-5.000000
149336864048452,4,-0.204537,0.290826,-0.830932,0.104380,-5.000000
149336874125170,1,10.141838,1.091756,1.446098,0.104380,-5.000000
149336884179702,4,-0.208798,0.174709,-0.934265,0.122390,-10.000000
149336893933087,1,9.797073,1.388637,1.618480,0.122390,-10.000000
149336904195014,4,-0.127836,-0.201341,-1.172892,0.145613,-10.000000
149336914276212,1,9.615114,1.790863,1.312023,0.145613,-10.000000
149336924435743,4,-0.043677,-0.479384,-1.404061,0.174538,-10.000000
149336934367827,1,9.567230,1.810017,0.804452,0.174538,-10.000000
149336944027514,4,-0.037285,-0.541171,-1.620317,0.205317,-15.000000
149336954272254,1,9.615114,1.953669,0.507571,0.205317,-15.000000
149336963839337,4,-0.174709,-0.363266,-1.742826,0.237876,-15.000000
149336975275744,1,9.414001,2.145205,0.536301,0.237876,-15.000000
149336984491004,4,-0.361136,-0.209863,-1.858943,0.273656,-15.000000
149336994544806,1,9.500193,2.930503,0.737414,0.273656,-15.000000
149337004121525,4,-0.438902,-0.338764,-1.982518,0.311905,-20.000000
149337014402931,1,9.433155,3.380613,0.430956,0.311905,-20.000000
149337024235431,4,-0.433576,-0.525191,-2.109288,0.353821,-25.000000
149337034532150,1,9.165004,3.227384,-0.124498,0.353821,-25.000000
149337044441733,4,-0.381376,-0.419727,-2.239254,0.396043,-25.000000
149337054453295,1,8.571242,3.505111,-0.258574,0.396043,-25.000000
149337064540639,4,-0.289761,-0.406943,-2.441661,0.442272,-30.000000
149337074534597,1,8.159439,3.725378,-0.201113,0.442272,-30.000000
149337084545275,4,-0.209863,-0.330242,-2.618500,0.491336,-30.000000
149337094854390,1,8.015787,5.094861,-0.095768,0.491336,-30.000000
149337105269181,4,-0.174709,-0.311067,-2.800666,0.550218,-35.000000
149337114752515,1,7.843405,5.698200,-0.344765,0.550218,-35.000000
149337124712827,4,-0.217321,-0.218386,-2.859257,0.606936,-40.000000
149337134707359,1,7.718906,6.052542,0.067038,0.606936,-40.000000
149337144471368,4,-0.108660,-0.100138,-2.841147,0.663168,-40.000000
149337154741942,1,7.843405,6.148310,0.584185,0.663168,-40.000000
149337164770015,4,0.002131,-0.225843,-2.664308,0.714629,-45.000000
149337174789442,1,8.274361,7.115568,0.794875,0.714629,-45.000000
149337185244442,4,-0.021306,-0.397356,-2.351110,0.760141,-50.000000
149337195142931,1,7.833828,7.393295,0.727837,0.760141,-50.000000
149337205103973,4,-0.100138,-0.545432,-2.049631,0.798627,-50.000000
149337215100640,1,7.422025,7.671022,0.593762,0.798627,-50.000000
149337225156890,4,-0.148076,-0.528387,-1.820593,0.833473,-55.000000
149337235146109,1,7.307104,8.695741,0.507571,0.833473,-55.000000
149337245313348,4,-0.107595,-0.532648,-1.747087,0.868852,-55.000000
149337255221577,1,7.192182,8.686164,-0.067038,0.868852,-55.000000
149337265761838,4,-0.210929,-0.476188,-1.630970,0.901053,-55.000000
149337275574963,1,6.866570,8.456321,-0.526724,0.901053,-55.000000
149337285503713,4,-0.364332,-0.154468,-1.390213,0.926512,-60.000000
149337295404702,1,6.569689,8.111555,-0.220267,0.926512,-60.000000
149337305509911,4,-0.270585,0.046873,-1.129215,0.946150,-60.000000
149337315492254,1,6.090849,8.140285,-0.220267,0.946150,-60.000000
149337325535327,4,-0.147011,-0.087354,-0.856499,0.961558,-60.000000
149337335504181,1,5.181053,8.044518,-0.354342,0.961558,-60.000000
149337345558088,4,0.002131,-0.344091,-0.747838,0.977636,-60.000000
149337355626681,1,4.625597,8.111555,-0.833182,0.977636,-60.000000
149337365740536,4,0.004261,-0.117183,-0.735055,0.995475,-65.000000
149337375775588,1,4.232949,8.264784,-0.746991,0.995475,-65.000000
149337386009598,4,0.002131,0.289761,-0.841585,1.016780,-65.000000
149337395764390,1,4.807557,8.130709,-0.450110,1.016780,-65.000000
149337405769181,4,0.156599,0.264194,-0.924678,1.035139,-65.000000
149337415729077,1,5.161899,8.025364,-0.488417,1.035139,-65.000000
149337426644598,4,0.302544,0.071375,-0.827736,1.049758,-65.000000
149337435968661,1,5.008670,8.015787,-0.603339,1.049758,-65.000000
149337446199338,4,0.380311,0.151272,-0.705227,1.060986,-70.000000
149337455493452,1,4.683059,8.753201,-0.210690,1.060986,-70.000000
149337465601108,4,0.437837,0.471927,-0.660484,1.074088,-70.000000
149337475530015,1,5.104438,9.730036,0.172383,1.074088,-70.000000
149337485630015,4,0.218386,0.363266,-0.635982,1.086867,-70.000000
149337495858244,1,5.066131,9.366117,0.162806,1.086867,-70.000000
149337505871317,4,0.118248,0.029828,-0.616807,1.098133,-70.000000
149337515705067,1,4.941632,8.485051,-0.526724,1.098133,-70.000000
149337525805796,4,0.181100,-0.188558,-0.675398,1.108188,-70.000000
149337535655067,1,2.997540,7.651869,1.130063,1.108188,-70.000000
149337545432098,4,-0.206668,-0.877805,-1.139868,1.133903,-70.000000
149337555810848,1,3.246537,8.513782,1.015141,1.133903,-70.000000
149337565753713,4,-0.854368,-1.217634,-1.476502,1.166037,-75.000000
149337575795744,1,3.399766,9.050082,0.775721,1.166037,-75.000000
149337586194494,4,-1.302858,-0.497494,-1.151586,1.190670,-75.000000
149337595936733,1,3.514688,9.605537,-0.114922,1.190670,-75.000000
149337606140015,4,-1.391278,0.422923,-0.755296,1.206449,-75.000000
149337615935744,1,4.587290,9.538500,-0.679953,1.206449,-75.000000
149337625994650,4,-0.957702,0.106530,-0.617872,1.213907,-75.000000
149337635924494,1,3.859453,10.208876,-1.024718,1.213907,-75.000000
149337645742827,4,-0.479384,-0.449555,-0.790450,1.228509,-80.000000
149337655991577,1,3.792415,10.706870,-0.833182,1.228509,-80.000000
149337666572410,4,-0.586979,-0.616807,-1.170761,1.251770,-80.000000
149337676512306,1,4.252102,10.323798,0.038307,1.251770,-80.000000
149337686595431,4,-0.925743,-0.909764,-1.423237,1.275259,-80.000000
149337696142306,1,3.849876,9.682152,0.804452,1.275259,-80.000000
149337706235588,4,-1.291140,-1.441347,-1.440282,1.297986,-85.000000
149337716296160,1,3.284845,9.327810,1.656788,1.297986,-85.000000
149337726223817,4,-1.445608,-1.507395,-1.318838,1.319740,-85.000000
149337736220900,1,2.346318,9.969456,1.838747,1.319740,-85.000000
149337746732775,4,-1.222961,-0.611480,-1.522309,1.350395,-85.000000
149337756622410,1,2.652776,9.835381,1.781286,1.350395,-85.000000
149337766690379,4,-0.793646,0.692443,-1.798221,1.382337,-90.000000
149337776668765,1,2.499547,9.327810,1.589750,1.382337,-90.000000
149337786733660,4,-0.529453,1.579835,-1.689561,1.410840,-90.000000
149337796769285,1,1.264138,9.289502,1.867477,1.410840,-90.000000
149337806879390,4,-0.846911,1.039730,-1.387017,1.438621,-90.000000
149337816945275,1,-0.469264,8.006210,1.532289,1.438621,-90.000000
149337826795640,4,-0.967290,0.274847,-1.007771,1.467224,-95.000000
149337836840483,1,-1.264138,8.839393,2.624045,1.467224,-95.000000
149337846892671,4,-0.630656,-0.121444,-0.903372,1.496752,-95.000000
149337856888556,1,-0.411803,9.232041,2.882619,1.496752,-95.000000
149337866923035,4,-0.367527,0.347287,-1.087668,1.523381,-95.000000
149337876936056,1,1.388637,10.275913,3.648763,1.523381,-95.000000
149337886987462,4,-0.479384,1.933514,-1.568117,1.548925,-100.000000
149337897002879,1,1.130063,10.074800,4.625597,1.548925,-100.000000
149337907400275,4,-0.697770,3.955447,-1.877053,1.580834,-100.000000
149337916711733,1,-0.229843,9.634268,3.323152,1.580834,-100.000000
149337926736890,4,-0.582717,4.139744,-1.407257,1.607376,-100.000000
149337936872723,1,-0.756568,10.371682,2.384625,1.607376,-100.000000
149337946585952,4,-0.485775,3.289637,-1.162239,1.631104,-100.000000
149337956338400,1,-1.398214,10.850522,2.317587,1.631104,-100.000000
149337966377879,4,-0.238627,2.240319,-1.452000,1.661797,-100.000000
149337976385275,1,-1.733402,10.563218,2.173935,1.661797,-100.000000
149337987379233,4,0.014914,1.232549,-1.848290,1.702255,-100.000000
149337997284598,1,-2.240973,9.366117,1.877054,1.702255,-100.000000
149338007722514,4,0.007457,0.596566,-1.911143,1.744360,-100.000000
149338017597410,1,-2.097321,9.193734,1.924938,1.744360,-100.000000
149338027445119,4,-0.029828,0.120379,-1.728977,1.779291,-100.000000
149338037378869,1,-3.658340,8.983045,2.212242,1.779291,-100.000000
149338047436108,4,0.041547,-0.164056,-1.489285,1.816487,-100.000000
149338057550535,1,-2.968810,9.078813,2.738967,1.816487,-100.000000
149338067656108,4,0.202406,-0.302544,-1.356123,1.846054,-100.000000
149338077158452,1,-3.227384,8.791509,2.815581,1.846054,-100.000000
149338087246837,4,0.436772,-0.267390,-1.385951,1.875677,-100.000000
149338097183660,1,-4.060566,8.513782,2.959233,1.875677,-100.000000
149338107307671,4,0.686051,-0.343026,-1.381690,1.909016,-100.000000
149338118842046,1,-4.405331,7.623138,2.662352,1.909016,-100.000000
149338127511525,4,0.883131,-0.122509,-1.197394,1.941288,-100.000000
149338137394337,1,-4.702212,7.383718,2.173935,1.941288,-100.000000
149338147297567,4,0.972616,-0.015979,-0.865021,1.967376,-100.000000
149338157500431,1,-4.606444,7.814674,1.714248,1.967376,-100.000000
149338167550639,4,0.949180,0.186427,-0.704161,1.987727,-100.000000
149338177485639,1,-4.606444,7.603985,1.177947,1.987727,-100.000000
149338187786369,4,0.720141,0.372854,-0.746773,2.008470,-100.000000
149338197786889,1,-4.424485,7.805098,1.024718,2.008470,-100.000000
149338207845744,4,0.410139,0.576326,-0.713749,2.025973,-100.000000
149338217843035,1,-4.529830,8.245630,1.053449,2.025973,-100.000000
149338227899910,4,0.227974,0.866086,-0.558216,2.038967,-100.000000
149338237892358,1,-5.066131,9.251195,0.737414,2.038967,-100.000000
149338247954389,4,0.145946,0.835193,-0.521995,2.050554,-100.000000
149338257947306,1,-3.102885,11.798626,-0.928950,2.050554,-100.000000
149338268093452,4,0.624264,-0.558216,-1.040795,2.059337,-100.000000
149338278048244,1,-4.788404,8.734048,0.325611,2.059337,-100.000000
149338288079025,4,0.364332,-1.310315,-1.028012,2.079502,-100.000000
149338298061629,1,-5.525817,7.632715,1.675941,2.079502,-100.000000
149338308093921,4,-0.051134,-0.629591,-0.442098,2.093805,-100.000000
149338318130223,1,-6.119579,7.364564,1.312023,2.093805,-100.000000
149338328138973,4,-0.381376,0.173643,-0.219451,2.106500,-100.000000
149338338196108,1,-5.774815,7.929596,0.756568,2.106500,-100.000000
149338348310119,4,-0.399486,0.058591,-0.348352,2.117862,-100.000000
149338358708296,1,-5.152322,8.063671,0.852336,2.117862,-100.000000
149338368294702,4,-0.328111,-0.579522,-0.380311,2.126158,-100.000000
149338378287358,1,-5.123591,8.303091,1.503559,2.126158,-100.000000
149338388334337,4,-0.180035,-0.955571,-0.393095,2.133517,-100.000000
149338398380483,1,-5.497087,8.686164,2.269703,2.133517,-100.000000
149338408365691,4,0.038351,-0.431445,-0.447425,2.142107,-100.000000
149338418345952,1,-5.995081,8.590396,1.666364,2.142107,-100.000000
149338428538400,4,0.285500,-0.238627,-0.556085,2.154663,-100.000000
149338438491316,1,-6.445191,8.331821,1.130063,2.154663,-100.000000
149338448741368,4,0.711618,-0.341960,-0.597632,2.169861,-100.000000
149338458146785,1,-5.535394,8.312668,1.781286,2.169861,-100.000000
149338468255691,4,0.990726,0.089485,-0.846911,2.184982,-100.000000
149338478266108,1,-6.062119,8.504205,1.465251,2.184982,-100.000000
149338488316368,4,0.991791,0.192819,-1.229353,2.208665,-100.000000
149338498327827,1,-6.856994,8.169016,0.555455,2.208665,-100.000000
149338508890431,4,0.784059,-0.148076,-1.438151,2.239796,-100.000000
149338518569389,1,-7.354988,7.134721,0.086191,2.239796,-100.000000
149338528611577,4,0.581652,-0.593370,-1.660798,2.277491,-100.000000
149338538587306,1,-7.881712,6.780379,0.220267,2.277491,-100.000000
149338548765900,4,0.466600,-0.855433,-1.732173,2.318340,-100.000000
149338558760535,1,-6.569689,7.249643,1.446098,2.318340,-100.000000
149338569196368,4,0.576326,-0.450621,-1.854682,2.353772,-100.000000
149338579000952,1,-5.209783,7.278373,2.145205,2.353772,-100.000000
149338588877201,4,0.806430,0.819213,-2.122072,2.385362,-100.000000
149338598868086,1,-6.023811,6.770802,2.193089,2.385362,-100.000000
149338608576836,4,0.982204,1.649080,-2.048566,2.419326,-100.000000
149338618569650,1,-7.173028,6.100426,0.842759,2.419326,-100.000000
149338628705015,4,0.961963,1.579835,-1.765197,2.453955,-100.000000
149338638754181,1,-8.829816,5.027823,0.009577,2.453955,-100.000000
149338648631785,4,0.738251,0.991791,-1.793960,2.496416,-100.000000
149338658855744,1,-8.801085,4.999093,-0.909797,2.496416,-100.000000
149338668952410,4,0.467665,0.567803,-2.046435,2.542352,-100.000000
149338678718088,1,-7.058106,5.707777,-0.181959,2.542352,-100.000000
149338688801577,4,0.162990,0.229039,-2.391592,2.583411,-100.000000
149338698821421,1,-6.703765,5.717354,0.268151,2.583411,-100.000000
149338708901577,4,-0.165121,-0.192819,-2.551386,2.624731,-100.000000
149338718812046,1,-7.364564,4.970363,-0.057461,2.624731,-100.000000
149338728903765,4,-0.283369,-0.455947,-2.459771,2.667631,-100.000000
149338738870015,1,-8.609550,4.242526,0.277727,2.667631,-100.000000
149338749129129,4,-0.313197,-0.620003,-2.173206,2.710193,-100.000000
149338759132931,1,-9.299079,3.734955,0.392649,2.710193,-100.000000
149338769194024,4,-0.402682,-0.626395,-2.049631,2.751736,-100.000000
149338779207514,1,-8.523358,4.280833,0.603339,2.751736,-100.000000
149338789297358,4,-0.380311,-0.548628,-2.066676,2.787426,-100.000000
149338799287254,1,-6.751649,3.246537,0.392649,2.787426,-100.000000
149338809662827,4,-0.337699,-0.267390,-2.291454,2.827057,-100.000000
149338819527983,1,-7.182605,2.729390,-0.584185,2.827057,-100.000000
149338829743347,4,-0.369658,0.412270,-2.506644,2.872444,-100.000000
149338839213920,1,-11.645397,2.863465,-0.622492,2.872444,-100.000000
149338849217410,4,-0.517734,0.681790,-2.032587,2.911450,-100.000000
149338859236681,1,-10.266336,2.087744,-0.009577,2.911450,-100.000000
149338869351681,4,-0.662615,0.176839,-1.639492,2.944286,-100.000000
149338879287826,1,-9.576807,1.924938,0.287304,2.944286,-100.000000
149338889330274,4,-0.710553,0.004261,-1.340144,2.969669,-100.000000
149338899246316,1,-10.429143,1.695095,0.086191,2.969669,-100.000000
149338910145274,4,-0.496428,0.247149,-1.062101,2.991211,-100.000000
149338919704181,1,-10.026917,1.608904,0.268151,2.991211,-100.000000
149338929470587,4,-0.180035,0.659419,-0.950245,3.008220,-100.000000
149338939494285,1,-8.398860,1.379060,-0.086191,3.008220,-100.000000
149338949256525,4,-0.096942,0.597632,-1.131345,3.028017,-100.000000
149338959341316,1,-9.720459,1.283292,0.047884,3.028017,-100.000000
149338969260378,4,-0.004261,0.596566,-1.084472,3.047742,-100.000000
149338979155431,1,-10.773908,0.775721,-0.229843,3.047742,-100.000000
149338990061108,4,0.027698,0.588044,-0.708422,3.062840,-100.000000
149339000295639,1,-11.271901,0.526724,-0.344765,3.062840,-100.000000
149339009700170,4,-0.061787,0.221582,-0.430380,3.072472,-100.000000
149339019710743,1,-10.706870,0.689530,-0.440533,3.072472,-100.000000
149339029832618,4,-0.159795,-0.045808,-0.234365,3.077195,-100.000000
149339039811733,1,-9.662998,0.967257,-0.316035,3.077195,-100.000000
149339049844337,4,-0.099073,0.206668,-0.069244,3.076743,-100.000000
149339059817253,1,-9.701305,0.842759,-0.526724,3.076743,-100.000000
149339069912253,4,0.059657,0.661549,0.038351,3.074922,-100.000000
149339079865951,1,-9.672575,0.430956,-1.235408,3.074922,-100.000000
149339090055795,4,0.170448,0.751034,0.023437,3.075580,-100.000000
149339100130118,1,-9.251195,0.210690,-1.580173,3.075580,-100.000000
149339110071785,4,0.082028,0.327046,-0.101203,3.079667,-100.000000
149339120083191,1,-9.193734,0.440533,-1.158794,3.079667,-100.000000
149339130126889,4,-0.045808,-0.010653,-0.150207,3.083231,-100.000000
149339140140899,1,-9.615114,0.459687,-0.718261,3.083231,-100.000000
149339151562879,4,-0.075636,-0.119313,-0.085224,3.085496,-100.000000
149339160452722,1,-10.074800,0.287304,-0.852336,3.085496,-100.000000
149339170550587,4,-0.107595,-0.137423,-0.026632,3.087356,-100.000000
149339180507670,1,-9.998186,0.172383,-0.689530,3.087356,-100.000000
149339190553972,4,-0.099073,-0.201341,-0.050069,3.090157,-100.000000
149339200838451,1,-9.605537,0.057461,-0.641646,3.090157,-100.000000
149339210356524,4,-0.047938,-0.282304,-0.144880,3.095155,-100.000000
149339220338712,1,-9.500193,0.210690,-0.421380,3.095155,-100.000000
149339230388555,4,-0.076701,-0.354744,-0.171513,3.099632,-100.000000
149339240342670,1,-9.481039,0.153229,-0.296881,3.099632,-100.000000
149339250381316,4,-0.092681,-0.374985,-0.243953,3.105556,-100.000000
149339260430951,1,-9.691729,0.172383,-0.076614,3.105556,-100.000000
149339270442670,4,0.011718,-0.458078,-0.285500,3.111910,-100.000000
149339280439024,1,-10.026917,0.057461,-0.296881,3.111910,-100.000000
149339290448608,4,0.245018,-0.426119,-0.232235,3.117521,-100.000000
149339300533816,1,-10.247183,0.210690,-0.162806,3.117521,-100.000000
149339310403555,4,0.455947,-0.314263,-0.138489,3.120322,-100.000000
149339320565691,1,-9.816227,0.871489,0.162806,3.120322,-100.000000
149339330585691,4,0.492167,-0.268455,-0.101203,3.118899,-100.000000
149339340615743,1,-9.825804,0.967257,0.383072,3.118899,-100.000000
149339351130899,4,0.354744,-0.213059,-0.070310,3.116499,-100.000000
149339361018660,1,-10.486604,0.794875,0.344765,3.116499,-100.000000
149339370710014,4,0.252475,-0.059657,0.057526,3.112901,-100.000000
149339380720118,1,-10.716447,0.383072,-0.325611,3.112901,-100.000000
149339390807722,4,0.161925,0.027698,0.172578,3.109254,-100.000000
149339400580535,1,-10.362105,-0.210690,-0.162806,3.109254,-100.000000
149339410817514,4,0.059657,-0.229039,0.177905,3.105694,-100.000000
149339420887201,1,-10.170568,-0.047884,0.181959,3.105694,-100.000000
149339431160951,4,0.052200,-0.257802,0.083093,3.104004,-100.000000
149339441240378,1,-9.940725,0.143652,0.114922,3.104004,-100.000000
149339450944076,4,0.067114,-0.012784,-0.004261,3.105241,-100.000000
149339461060899,1,-9.950302,0.201113,0.009577,3.105241,-100.000000
149339471048035,4,0.009588,0.123574,-0.029828,3.106618,-100.000000
149339480978972,1,-9.806650,0.076614,0.019154,3.106618,-100.000000
149339491014233,4,-0.056461,0.071375,-0.039416,3.108724,-100.000000
149339501030691,1,-9.672575,-0.038307,0.086191,3.108724,-100.000000
149339511415066,4,-0.084158,0.052200,-0.070310,3.110158,-100.000000
149339521437774,1,-9.720459,-0.181959,-0.134075,3.110158,-100.000000
149339532870847,4,-0.078832,-0.072440,-0.095877,3.112215,-100.000000
149339541550014,1,-9.892841,-0.181959,-0.162806,3.112215,-100.000000
149339551377097,4,-0.033024,-0.239692,-0.080963,3.113713,-100.000000
149339561360326,1,-9.940725,0.047884,-0.124498,3.113713,-100.000000
149339571346055,4,0.045808,-0.159795,0.003196,3.114806,-100.000000
149339581353399,1,-9.816227,0.153229,0.057461,3.114806,-100.000000
149339591457774,4,0.112921,0.072440,0.058591,3.114245,-100.000000
149339601493087,1,-9.787497,0.067038,0.086191,3.114245,-100.000000
149339611523920,4,0.101203,0.076701,0.053265,3.114255,-100.000000
149339621470639,1,-9.854534,-0.019154,-0.076614,3.114255,-100.000000
149339631491055,4,0.071375,-0.017045,0.017045,3.113915,-100.000000
149339641504285,1,-9.883265,-0.019154,0.086191,3.113915,-100.000000
149339651667774,4,0.073505,-0.041547,-0.024502,3.114409,-100.000000
149339661524180,1,-9.739613,0.009577,-0.009577,3.114409,-100.000000
149339671269857,4,0.051134,-0.075636,-0.074571,3.117108,-100.000000
149339681533764,1,-9.730036,0.114922,-0.028730,3.117108,-100.000000
149339691546785,4,0.018110,-0.071375,-0.119313,3.120040,-100.000000
149339701633191,1,-9.739613,0.134075,0.038307,3.120040,-100.000000
149339711475483,4,-0.003196,0.041547,-0.151272,3.123293,-100.000000
149339721658191,1,-9.844957,0.124498,0.076614,3.123293,-100.000000
149339731678555,4,-0.021306,0.093746,-0.158729,3.126622,-100.000000
149339741788607,1,-9.864111,-0.076614,0.038307,3.126622,-100.000000
149339752031368,4,-0.017045,0.066048,-0.207733,3.130850,-100.000000
149339764806733,1,-9.940725,-0.047884,0.105345,3.130850,-100.000000
149339772009493,4,-0.022371,0.044742,-0.251410,3.135873,-100.000000
149339781928659,1,-9.979033,0.009577,0.181959,3.135873,-100.000000
149339791972878,4,-0.021306,0.012784,-0.241822,3.140697,-100.000000
149339801954128,1,-9.959879,0.028730,0.095768,3.140697,-100.000000
149339811991889,4,-0.008522,-0.010653,-0.186427,3.144143,-100.000000
149339822003243,1,-9.950302,0.047884,0.114922,3.144143,-100.000000
149339832157097,4,0.014914,0.085224,-0.135293,3.146367,-100.000000
149339842141107,1,-9.864111,-0.038307,0.028730,3.146367,-100.000000
149339852124649,4,0.036220,0.191753,-0.093746,3.148239,-100.000000
149339862151316,1,-9.720459,-0.114922,-0.057461,3.148239,-100.000000
149339872513764,4,0.038351,0.147011,-0.060722,3.149477,-100.000000
149339882548243,1,-9.806650,-0.191536,-0.143652,3.149477,-100.000000
149339892237097,4,0.035155,0.060722,-0.050069,3.150464,-100.000000
149339902059597,1,-9.653421,-0.191536,-0.067038,3.150464,-100.000000
149339912343451,4,0.020241,0.030894,-0.040481,3.151278,-100.000000
149339922289441,1,-9.615114,-0.162806,-0.201113,3.151278,-100.000000
149339932332253,4,0.002131,0.018110,-0.029828,3.151874,-100.000000
149339942383764,1,-9.662998,-0.181959,-0.258574,3.151874,-100.000000
149339952381264,4,0.013849,0.006392,0.010653,3.151661,-100.000000
149339962189337,1,-9.662998,-0.134075,-0.153229,3.151661,-100.000000
149339972244389,4,0.046873,0.052200,0.071375,3.150243,-100.000000
149339982510014,1,-9.701305,-0.210690,-0.210690,3.150243,-100.000000
149339992823191,4,0.084158,0.128901,0.103334,3.148117,-100.000000
149340002714389,1,-9.768343,-0.134075,-0.143652,3.148117,-100.000000
149340012563399,4,0.090550,0.098007,0.147011,3.145215,-100.000000
149340022572305,1,-9.777920,-0.229843,-0.114922,3.145215,-100.000000
149340032680795,4,0.104399,0.028763,0.203472,3.141121,-100.000000
149340042627357,1,-9.892841,-0.210690,-0.172383,3.141121,-100.000000
149340052645795,4,0.141684,0.057526,0.230104,3.136527,-100.000000
149340062678034,1,-9.806650,-0.134075,-0.239420,3.136527,-100.000000
149340072782878,4,0.162990,0.103334,0.246084,3.131572,-100.000000
149340082764805,1,-9.691729,0.000000,-0.363919,3.131572,-100.000000
149340092932722,4,0.145946,0.019175,0.258867,3.127118,-100.000000
149340102958086,1,-9.902418,0.220267,-0.248997,3.127118,-100.000000
149340112901264,4,0.087354,-0.028763,0.315328,3.120747,-100.000000
149340122950691,1,-9.844957,0.114922,-0.114922,3.120747,-100.000000
149340132908347,4,0.077767,0.033024,0.334503,3.114848,-100.000000
149340142910691,1,-9.710882,0.153229,-0.076614,3.114848,-100.000000
149340152728086,4,0.074571,0.069244,0.302544,3.109700,-100.000000
149340163053451,1,-9.653421,0.239420,-0.248997,3.109700,-100.000000
149340172988295,4,0.052200,0.094811,0.238627,3.105462,-100.000000
149340183336472,1,-9.825804,0.306458,-0.411803,3.105462,-100.000000
149340193426889,4,-0.004261,0.014914,0.199211,3.101842,-100.000000
149340203312930,1,-9.787497,0.373495,-0.354342,3.101842,-100.000000
149340213347514,4,-0.071375,-0.122509,0.177905,3.098555,-100.000000
149340223342774,1,-9.730036,0.440533,-0.220267,3.098555,-100.000000
149340233548034,4,-0.070310,-0.020241,0.150207,3.095562,-100.000000
149340243390795,1,-9.806650,0.507571,-0.191536,3.095562,-100.000000
149340253599232,4,-0.028763,0.148076,0.137423,3.092661,-100.000000
149340263783138,1,-9.883265,0.603339,-0.383072,3.092661,-100.000000
149340273691524,4,-0.075636,0.190688,0.145946,3.089273,-100.000000
149340283687149,1,-10.046070,0.679953,-0.660800,3.089273,-100.000000
149340293298243,4,-0.173643,0.308936,0.178970,3.085176,-100.000000
149340303484388,1,-9.998186,0.804452,-0.890643,3.085176,-100.000000
149340313456420,4,-0.299348,0.194949,0.262063,3.078964,-100.000000
149340323446888,1,-10.228029,1.072602,-0.852336,3.078964,-100.000000
149340333597618,4,-0.476188,-0.168317,0.486841,3.067556,-100.000000
149340343437253,1,-10.362105,1.158794,-0.766145,3.067556,-100.000000
149340353534024,4,-0.598697,-0.466600,0.746773,3.051546,-100.000000
149340363508972,1,-9.394848,0.392649,0.402226,3.051546,-100.000000
149340373782618,4,-0.401617,-0.615742,0.645570,3.041541,-100.000000
149340383796732,1,-9.605537,0.612916,0.095768,3.041541,-100.000000
149340393891159,4,-0.132097,-0.200276,0.351548,3.036642,-100.000000
149340404070743,1,-10.074800,1.177947,-0.248997,3.036642,-100.000000
149340413915951,4,-0.064983,-0.002131,0.197080,3.032321,-100.000000
149340424251107,1,-9.509769,0.976834,-0.440533,3.032321,-100.000000
149340433763347,4,-0.159795,-0.167252,0.025567,3.032184,-100.000000
149340444106003,1,-9.155427,0.861913,-0.383072,3.032184,-100.000000
149340453842461,4,-0.251410,-0.263128,-0.138489,3.035603,-100.000000
149340463797826,1,-9.117120,0.871489,-0.095768,3.035603,-100.000000
149340473932982,4,-0.263128,-0.256737,-0.307871,3.042014,-100.000000
149340483881211,1,-9.538500,0.699107,0.325611,3.042014,-100.000000
149340494072149,4,-0.232235,-0.193884,-0.418662,3.051345,-100.000000
149340504057878,1,-9.835381,0.478840,0.565032,3.051345,-100.000000
149340514100586,4,-0.131032,-0.028763,-0.499624,3.062931,-100.000000
149340524073503,1,-9.902418,0.459687,0.612916,3.062931,-100.000000
149340534359961,4,-0.061787,0.043677,-0.566738,3.075452,-100.000000
149340544217826,1,-9.816227,0.296881,0.632069,3.075452,-100.000000
149340554164024,4,-0.015979,0.013849,-0.612546,3.088772,-100.000000
149340564241211,1,-9.787497,0.296881,0.258574,3.088772,-100.000000
149340574143503,4,0.073505,0.041547,-0.606154,3.101402,-100.000000
149340584159024,1,-9.749189,0.335188,0.239420,3.101402,-100.000000
149340594270118,4,0.110791,-0.010653,-0.588044,3.112937,-100.000000
149340604246784,1,-10.084377,0.047884,0.248997,3.112937,-100.000000
149340614515170,4,0.136358,-0.062853,-0.552889,3.124766,-100.000000
149340624522565,1,-9.921572,-0.134075,0.296881,3.124766,-100.000000
149340634399440,4,0.171513,0.000000,-0.519865,3.135103,-100.000000
149340644339336,1,-9.758766,-0.105345,0.153229,3.135103,-100.000000
149340654150795,4,0.203472,0.124640,-0.467665,3.144340,-100.000000
149340664422513,1,-9.634268,-0.210690,-0.028730,3.144340,-100.000000
149340674491784,4,0.178970,0.139554,-0.414401,3.152769,-100.000000
149340684463868,1,-9.567230,-0.191536,-0.258574,3.152769,-100.000000
149340694483242,4,0.101203,0.078832,-0.395225,3.160670,-100.000000
149340704530118,1,-9.433155,-0.210690,-0.134075,3.160670,-100.000000
149340714780118,4,0.071375,0.133162,-0.415466,3.169103,-100.000000
149340724818451,1,-9.691729,-0.076614,0.019154,3.169103,-100.000000
149340734853556,4,0.047938,0.166186,-0.343026,3.175989,-100.000000
149340744874128,1,-9.682152,-0.287304,0.000000,3.175989,-100.000000
149340754889649,4,0.029828,0.175774,-0.233300,3.180663,-100.000000
149340765558399,1,-9.548077,-0.440533,-0.095768,3.180663,-100.000000
149340775198191,4,0.006392,0.215190,-0.180035,3.184319,-100.000000
149340785150222,1,-9.490616,-0.536301,-0.220267,3.184319,-100.000000
149340795144233,4,-0.019175,0.254606,-0.131032,3.186933,-100.000000
149340805314441,1,-9.509769,-0.603339,-0.363919,3.186933,-100.000000
149340815285118,4,-0.035155,0.200276,-0.079897,3.188542,-100.000000
149340825486108,1,-9.557653,-0.632069,-0.402226,3.188542,-100.000000
149340834993556,4,-0.024502,0.113987,-0.059657,3.189718,-100.000000
149340844914285,1,-9.730036,-0.641646,-0.172383,3.189718,-100.000000
149340854989649,4,-0.017045,0.061787,-0.049004,3.190698,-100.000000
149340865066993,1,-9.720459,-0.565032,-0.124498,3.190698,-100.000000
149340875119337,4,0.008522,0.019175,-0.010653,3.190912,-100.000000
149340885252826,1,-9.816227,-0.603339,-0.105345,3.190912,-100.000000
149340895135274,4,0.040481,0.008522,0.046873,3.189974,-100.000000
149340905516056,1,-9.873688,-0.507571,-0.153229,3.189974,-100.000000
149340915238764,4,0.042612,0.009588,0.090550,3.188154,-100.000000
149340925132097,1,-9.777920,-0.507571,-0.220267,3.188154,-100.000000
149340935269337,4,0.035155,0.003196,0.138489,3.185380,-100.000000
149340945235431,1,-9.758766,-0.603339,-0.181959,3.185380,-100.000000
149340955040535,4,0.054330,-0.009588,0.176839,3.181883,-100.000000
149340965060899,1,-9.787497,-0.488417,-0.210690,3.181883,-100.000000
149340975106785,4,0.074571,-0.040481,0.207733,3.177715,-100.000000
149340985204285,1,-9.835381,-0.392649,-0.162806,3.177715,-100.000000
149340995805587,4,0.113987,-0.003196,0.257802,3.172379,-100.000000
149341005618243,1,-9.758766,-0.287304,-0.181959,3.172379,-100.000000
149341015644076,4,0.141684,0.051134,0.308936,3.166250,-100.000000
149341025640535,1,-9.730036,-0.325611,-0.277727,3.166250,-100.000000
149341035537826,4,0.139554,0.035155,0.294022,3.160401,-100.000000
149341045501472,1,-9.643845,-0.421380,-0.306458,3.160401,-100.000000
149341055587410,4,0.104399,-0.096942,0.247149,3.155445,-100.000000
149341065617670,1,-9.710882,-0.268151,-0.373495,3.155445,-100.000000
149341075318139,4,0.062853,-0.241822,0.203472,3.151431,-100.000000
149341085597253,1,-10.122684,0.134075,-0.181959,3.151431,-100.000000
149341095407826,4,0.043677,-0.403748,0.268455,3.145153,-100.000000
149341105903972,1,-10.898406,0.248997,-0.076614,3.145153,-100.000000
149341116209701,4,0.051134,-0.499624,0.490037,3.134149,-100.000000
149341125989389,1,-10.907983,0.919373,-0.450110,3.134149,-100.000000
149341135751316,4,-0.028763,-0.622133,0.821344,3.115069,-100.000000
149341145762618,1,-9.394848,0.976834,0.086191,3.115069,-100.000000
149341155579493,4,-0.092681,-0.847976,1.021620,3.091971,-100.000000
149341165933712,1,-9.174581,0.775721,0.153229,3.091971,-100.000000
149341175847253,4,-0.049004,-1.009902,1.154782,3.068000,-100.000000
149341186095014,1,-9.605537,0.229843,0.201113,3.068000,-100.000000
149341196108764,4,-0.009588,-1.062101,1.220830,3.046984,-100.000000
149341206260326,1,-10.026917,0.689530,0.746991,3.046984,-100.000000
149341216369962,4,0.043677,-0.820279,1.171827,3.025726,-100.000000
149341226187722,1,-10.639832,1.675941,0.804452,3.025726,-100.000000
149341236232410,4,0.199211,-0.452751,1.509526,2.995224,-100.000000
149341246604232,1,-10.381259,1.886631,0.794875,2.995224,-100.000000
149341256415326,4,0.214125,-0.659419,1.963342,2.955909,-100.000000
149341266677878,1,-9.232041,1.991976,0.708684,2.955909,-100.000000
149341276467618,4,0.122509,-0.798973,2.041109,2.915686,-100.000000
149341286683243,1,-9.011775,2.068590,1.302446,2.915686,-100.000000
149341296556628,4,0.219451,-0.427184,2.084786,2.875912,-100.000000
149341306191212,1,-9.998186,2.748544,1.790863,2.875912,-100.000000
149341316278555,4,0.445294,0.071375,2.390526,2.830994,-100.000000
149341326240170,1,-10.228029,3.361459,1.656788,2.830994,-100.000000
149341336271368,4,0.653027,0.457012,2.669634,2.779942,-100.000000
149341346309962,1,-9.940725,4.050989,1.704672,2.779942,-100.000000
149341356399389,4,0.759557,0.661549,2.794274,2.725245,-100.000000
149341366905014,1,-8.054094,4.271256,1.589750,2.725245,-100.000000
149341376685066,4,0.820279,0.728663,2.937024,2.665082,-100.000000
149341386383555,1,-7.929596,4.548983,1.541866,2.665082,-100.000000
149341396542410,4,0.739316,0.354744,3.179911,2.602878,-100.000000
149341406282930,1,-8.858546,4.606444,0.814029,2.602878,-100.000000
149341416962045,4,0.561411,0.109726,3.521872,2.537518,-100.000000
149341433192670,1,-9.672575,6.770802,0.785298,2.537518,-100.000000
149341436925014,4,0.284434,-0.455947,3.672079,2.467545,-100.000000
149341446578451,1,-8.283937,7.077260,0.756568,2.467545,-100.000000
149341457265066,4,0.108660,-0.823475,3.763694,2.393171,-100.000000
149341466864910,1,-5.707777,6.100426,0.287304,2.393171,-100.000000
149341476491003,4,0.138489,-0.343026,3.840395,2.319517,-100.000000
149341486661212,1,-5.334281,5.803545,0.536301,2.319517,-100.000000
149341496690795,4,0.150207,0.385637,4.229229,2.238088,-100.000000
149341506777305,1,-6.406884,7.307104,0.814029,2.238088,-100.000000
149341516836316,4,-0.122509,0.484710,4.263319,2.159123,-100.000000
149341527176472,1,-6.090849,8.781932,0.201113,2.159123,-100.000000
149341537125014,4,-0.340895,-0.237561,3.932011,2.084240,-100.000000
149341546866316,1,-5.123591,9.318233,0.258574,2.084240,-100.000000
149341556958243,4,-0.218386,-1.119627,3.403624,2.019574,-100.000000
149341566932982,1,-3.859453,9.902418,0.612916,2.019574,-100.000000
149341576944441,4,0.133162,-1.068493,2.557778,1.967153,-100.000000
149341587021264,1,-3.964798,9.528923,1.235408,1.967153,-100.000000
149341597100639,4,0.498559,-0.866086,2.004889,1.928659,-100.000000
149341607130639,1,-4.127604,8.935161,0.775721,1.928659,-100.000000
149341617297774,4,0.804299,-0.739316,1.836572,1.897165,-100.000000
149341627341524,1,-3.849876,9.318233,0.679953,1.897165,-100.000000
149341636941680,4,1.162239,-0.555020,1.751348,1.867753,-100.000000
149341647165222,1,-3.112462,9.643845,1.206678,1.867753,-100.000000
149341656967514,4,1.411518,-0.002131,1.963342,1.831163,-100.000000
149341667214389,1,-2.308010,9.835381,0.526724,1.831163,-100.000000
149341677451524,4,1.489285,0.534779,2.184924,1.787151,-100.000000
149341687359389,1,-1.886631,8.590396,-0.986411,1.787151,-100.000000
149341697308087,4,1.417910,0.751034,2.370286,1.742430,-100.000000
149341707358191,1,-0.306458,9.557653,-0.296881,1.742430,-100.000000
149341717447253,4,1.283683,0.751034,2.513036,1.687371,-100.000000
149341727826316,1,-0.392649,10.141838,-0.900220,1.687371,-100.000000
149341737908451,4,1.145194,1.095125,2.434203,1.636161,-100.000000
149341747995951,1,-0.162806,10.611102,-0.948104,1.636161,-100.000000
149341758019805,4,0.968355,1.118562,2.296780,1.589778,-100.000000
149341768148451,1,0.622492,10.141838,-1.493982,1.589778,-100.000000
149341777900899,4,0.709488,0.749969,2.126333,1.545604,-100.000000
149341787939128,1,1.177947,9.710882,-1.857901,1.545604,-100.000000
149341798042409,4,0.310001,0.275912,2.110353,1.500447,-95.000000
149341808026107,1,1.158794,9.787497,-1.656788,1.500447,-95.000000
149341818417670,4,-0.035155,-0.235431,2.082655,1.457760,-95.000000
149341828044232,1,2.078167,10.122684,-0.928950,1.457760,-95.000000
149341838080691,4,-0.186427,-0.334503,2.102896,1.414005,-90.000000
149341847784337,1,2.595315,9.883265,-0.086191,1.414005,-90.000000
149341857883243,4,-0.166186,-0.075636,2.075198,1.369965,-85.000000
149341867850691,1,2.729390,9.442732,-0.201113,1.369965,-85.000000
149341877939180,4,-0.038351,0.360070,2.098635,1.325953,-85.000000
149341887889284,1,2.920926,9.490616,-0.469264,1.325953,-85.000000
149341897906159,4,-0.036220,0.757426,2.224340,1.281074,-80.000000
149341908840066,1,2.796427,8.848969,-0.478840,1.281074,-80.000000
149341918377982,4,-0.135293,0.608285,2.475750,1.232106,-80.000000
149341928023139,1,3.189077,8.475474,-0.919373,1.232106,-80.000000
149341938037045,4,-0.218386,0.409074,2.671765,1.181148,-75.000000
149341948074493,1,3.888184,8.571242,-0.287304,1.181148,-75.000000
149341957854805,4,-0.295087,0.357940,2.785752,1.126890,-70.000000
149341967669336,1,4.041412,8.954314,0.028730,1.126890,-70.000000
149341977674753,4,-0.280173,0.535844,2.844343,1.074331,-70.000000
149341987844024,1,4.223372,8.896853,0.344765,1.074331,-70.000000
149341998262409,4,0.089485,1.021620,2.815580,1.021926,-65.000000
149342008632774,1,5.458780,7.661446,-0.593762,1.021926,-65.000000
149342018487826,4,0.303610,1.462653,2.722899,0.966098,-60.000000
149342028303139,1,6.129156,7.412448,-0.957681,0.966098,-60.000000
149342038361836,4,0.133162,1.270899,2.576953,0.913134,-60.000000
149342048320066,1,5.985504,7.929596,-0.450110,0.913134,-60.000000
149342058325482,4,-0.120379,0.805364,2.453379,0.867158,-55.000000
149342068374909,1,6.866570,6.971915,0.019154,0.867158,-55.000000
149342078296420,4,-0.115052,0.960898,2.263756,0.820502,-50.000000
149342088469441,1,7.287950,6.828263,0.105345,0.820502,-50.000000
149342098488139,4,0.006392,1.055709,2.036848,0.778048,-50.000000
149342108880118,1,6.866570,6.129156,0.038307,0.778048,-50.000000
149342119297045,4,-0.135293,1.006706,2.056023,0.734937,-45.000000
149342128839493,1,6.876147,5.621585,0.660800,0.734937,-45.000000
149342138840482,4,-0.354744,1.010967,2.193446,0.691734,-45.000000
149342148896628,1,6.971915,5.813122,0.593762,0.691734,-45.000000
149342159124909,4,-0.402682,0.908698,2.383069,0.645975,-40.000000
149342169190691,1,7.996634,6.435614,0.517148,0.645975,-40.000000
149342179016680,4,-0.397356,0.365397,2.215818,0.605687,-40.000000
149342188998138,1,8.973468,5.535394,0.833182,0.605687,-40.000000
149342199280743,4,-0.337699,0.245018,1.868531,0.567068,-35.000000
149342208842566,1,8.532935,4.673482,0.890643,0.567068,-35.000000
149342218832097,4,-0.302544,0.542236,1.502069,0.535869,-35.000000
149342228879701,1,7.556100,4.568137,0.938527,0.535869,-35.000000
149342238999284,4,-0.404813,0.664745,1.445608,0.508568,-30.000000
149342248925742,1,7.747637,4.903325,0.986411,0.508568,-30.000000
149342258942096,4,-0.316393,0.359005,1.547876,0.482026,-30.000000
149342269190690,1,9.634268,5.056554,1.465251,0.482026,-30.000000
149342279312461,4,-0.233300,0.072440,1.483959,0.453374,-30.000000
149342289318711,1,10.735600,4.127604,1.350330,0.453374,-30.000000
149342299296992,4,-0.099073,-0.040481,1.113235,0.427923,-25.000000
149342309333502,1,10.026917,3.361459,0.919373,0.427923,-25.000000
149342319355221,4,0.096942,-0.461274,0.706292,0.409242,-25.000000
149342329383763,1,9.490616,3.476381,-0.086191,0.409242,-25.000000
149342339410638,4,0.167252,-0.837323,0.510277,0.396613,-25.000000
149342349860899,1,9.959879,3.600879,0.067038,0.396613,-25.000000
149342359766315,4,0.039416,-1.042926,0.402682,0.386341,-25.000000
149342369826940,1,9.844957,4.031836,0.421380,0.386341,-25.000000
149342379897877,4,0.054330,-1.121758,0.328111,0.380184,-25.000000
149342389922617,1,9.232041,5.152322,0.105345,0.380184,-25.000000
149342399985794,4,0.203472,-0.994987,0.490037,0.377275,-25.000000
149342410137669,1,8.628703,5.755661,-0.450110,0.377275,-25.000000
149342419887773,4,0.465535,-0.517734,0.851172,0.371731,-25.000000
149342429884492,1,8.705317,3.983952,-0.440533,0.371731,-25.000000
149342439869961,4,0.403748,-0.239692,1.168631,0.352420,-20.000000
149342449556888,1,10.247183,1.685518,0.019154,0.352420,-20.000000
149342459585794,4,-0.027698,-0.339830,1.183545,0.320783,-20.000000
149342469584440,1,11.243171,-0.019154,0.775721,0.320783,-20.000000
149342479663867,4,-0.161925,-0.502820,0.581652,0.293564,-20.000000
149342489634961,1,9.864111,1.283292,1.369483,0.293564,-20.000000
149342499672097,4,-0.053265,-0.508147,0.239692,0.280798,-20.000000
149342510246524,1,8.465898,2.652776,0.833182,0.280798,-20.000000
149342520109336,4,0.075636,-0.068179,0.525191,0.271744,-15.000000
149342530061106,1,8.973468,3.533842,0.201113,0.271744,-15.000000
149342540061263,4,0.249279,0.372854,0.888458,0.260075,-15.000000
149342549924700,1,9.662998,3.773262,-0.565032,0.260075,-15.000000
149342559888919,4,0.169382,0.510277,1.141998,0.244174,-15.000000
149342569869544,1,10.065224,4.223372,-1.273715,0.244174,-15.000000
149342579918554,4,-0.102269,0.857564,1.392343,0.225336,-15.000000
149342589917409,1,11.224017,1.465251,0.124498,0.225336,-15.000000
149342599977929,4,-0.420792,0.475122,1.111105,0.199386,-15.000000
149342611805065,1,11.635820,-2.126051,2.987964,0.199386,-15.000000
149342620678919,4,-0.289761,-0.644505,0.188558,0.176672,-10.000000
149342630328919,1,9.040505,-0.268151,2.336741,0.176672,-10.000000
149342640124023,4,0.187492,-0.435706,0.031959,0.165766,-10.000000
149342650088867,1,8.599973,2.183512,-0.086191,0.165766,-10.000000
149342659938971,4,0.552889,0.362201,0.273781,0.164756,-10.000000
149342670135169,1,9.107543,2.930503,-1.685518,0.164756,-10.000000
149342680238346,4,0.404813,0.544367,0.484710,0.162736,-10.000000
149342690183242,1,9.787497,2.547431,-2.078167,0.162736,-10.000000
149342700219752,4,-0.009588,0.445294,0.533714,0.157199,-10.000000
149342710228242,1,9.634268,1.321599,-1.656788,0.157199,-10.000000
149342720251679,4,-0.262063,0.830932,0.472992,0.147155,-10.000000
149342731209127,1,9.174581,0.881066,-0.526724,0.147155,-10.000000
149342740516002,4,-0.444229,1.083407,0.438902,0.136134,-10.000000
149342750429179,1,9.519346,1.168370,0.067038,0.136134,-10.000000
149342762266627,4,-0.566738,1.293270,0.417596,0.126805,-10.000000
149342770585534,1,9.509769,1.417367,0.287304,0.126805,-10.000000
149342780446158,4,-0.530518,1.296466,0.343026,0.121938,-10.000000
149342790502877,1,9.509769,0.766145,2.154782,0.121938,-10.000000
149342800582044,4,-0.679659,0.330242,0.383507,0.112525,-5.000000
149342810537773,1,9.040505,0.450110,3.447650,0.112525,-5.000000
149342820615325,4,-0.159795,0.052200,0.310001,0.103486,-5.000000
149342830589961,1,8.609550,0.861913,3.361459,0.103486,-5.000000
149342840733763,4,0.469796,0.169382,0.377115,0.096093,-5.000000
149342850666471,1,9.538500,1.043872,2.039860,0.096093,-5.000000
149342860687565,4,0.631721,0.196015,0.449555,0.088217,-5.000000
149342870882252,1,10.228029,1.254562,0.794875,0.088217,-5.000000
149342880888658,4,0.431445,0.123574,0.362201,0.082958,-5.000000
149342890768190,1,10.821792,1.120486,0.593762,0.082958,-5.000000
149342900811106,4,0.099073,0.026632,0.209863,0.079996,-5.000000
149342910774127,1,10.333375,1.532289,0.919373,0.079996,-5.000000
149342920968606,4,-0.152337,-0.021306,0.094811,0.081542,-5.000000
149342930889804,1,9.548077,1.082179,1.800440,0.081542,-5.000000
149342940912981,4,-0.073505,0.082028,0.057526,0.082017,-5.000000
149342950953346,1,9.270349,0.861913,2.106898,0.082017,-5.000000
149342960746211,4,0.004261,0.075636,0.061787,0.081388,-5.000000
149342970573606,1,9.394848,0.679953,2.212242,0.081388,-5.000000
149342980574231,4,0.073505,0.165121,0.043677,0.080108,-5.000000
149342990609022,1,9.433155,0.373495,2.126051,0.080108,-5.000000
149343001196783,4,0.246084,0.286565,-0.008522,0.078248,-5.000000
149343011148606,1,9.289502,1.082179,1.426944,0.078248,-5.000000
149343021199595,4,0.173643,0.177905,0.002131,0.080094,-5.000000
149343031183606,1,9.749189,0.277727,1.532289,0.080094,-5.000000
149343041287200,4,0.085224,0.128901,-0.095877,0.079343,-5.000000
149343051256679,1,9.605537,0.363919,1.493982,0.079343,-5.000000
149343061276939,4,0.082028,0.118248,-0.193884,0.080951,-5.000000
149343071446366,1,9.011775,1.216254,1.733402,0.080951,-5.000000
149343081421106,4,0.056461,0.174709,-0.089485,0.085324,-5.000000
149343091353502,1,8.925584,1.244985,1.934515,0.085324,-5.000000
149343101397825,4,0.144880,-0.084158,0.157664,0.084995,-5.000000
149343111532564,1,9.251195,0.976834,2.585738,0.084995,-5.000000
149343121547512,4,0.396290,-0.236496,0.328111,0.079724,-5.000000
149343131742095,1,9.950302,0.603339,2.614468,0.079724,-5.000000
149343141503918,4,0.649831,-0.597632,0.241822,0.074182,-5.000000
149343151506991,1,9.567230,1.024718,1.580173,0.074182,-5.000000
149343161314752,4,0.839454,-0.814952,0.156599,0.072860,-5.000000
149343171556522,1,9.404425,1.177947,0.948104,0.072860,-5.000000
149343181576418,4,0.705227,-0.827736,0.272716,0.070198,-5.000000
149343191613814,1,10.093954,0.593762,1.082179,0.070198,-5.000000
149343201488866,4,0.692443,-0.821344,0.165121,0.066503,-5.000000
149343211700637,1,9.950302,-0.057461,1.273715,0.066503,-5.000000
149343221744387,4,0.707357,-0.933200,0.023437,0.062438,-5.000000
149343231772877,1,9.557653,0.919373,0.756568,0.062438,-5.000000
149343241863397,4,0.674333,-0.877805,0.068179,0.062808,-5.000000
149343251822460,1,9.528923,1.934515,0.248997,0.062808,-5.000000
149343261844543,4,0.514538,-0.653027,0.267390,0.064606,-5.000000
149343272028814,1,9.107543,1.312023,-0.258574,0.064606,-5.000000
149343282050064,4,0.359005,-0.896980,0.567803,0.057630,-5.000000
149343291950272,1,9.797073,-0.095768,0.354342,0.057630,-5.000000
149343302032616,4,0.428249,-1.270899,0.592305,0.043016,-5.000000
149343312096366,1,10.553641,-0.565032,0.565032,0.043016,-5.000000
149343322609960,4,0.400552,-1.095125,0.398421,0.030402,-0.000000
149343333114491,1,10.764331,0.296881,-0.632069,0.030402,-0.000000
149343342215429,4,0.151272,-0.765948,0.230104,0.025975,-0.000000
149343352150845,1,10.065224,0.497994,-0.995988,0.025975,-0.000000
149343362240481,4,-0.149142,-0.341960,0.196015,0.023419,-0.000000
149343372234699,1,9.777920,-0.440533,-0.383072,0.023419,-0.000000
149343382222772,4,-0.077767,-0.262063,0.157664,0.017004,-0.000000
149343392774804,1,10.678140,-0.536301,-0.890643,0.017004,-0.000000
149343402373189,4,-0.193884,-0.218386,-0.004261,0.013727,-0.000000
149343412138397,1,10.563218,-0.229843,-1.225831,0.013727,-0.000000
149343422387824,4,-0.396290,-0.069244,-0.142750,0.014667,-0.000000
149343432554179,1,10.639832,-0.076614,-0.967257,0.014667,-0.000000
149343442659751,4,-0.482579,0.294022,-0.303610,0.019420,-0.000000
149343452499647,1,10.429143,0.517148,-0.651223,0.019420,-0.000000
149343462478710,4,-0.515604,0.739316,-0.530518,0.030915,-0.000000
149343472514491,1,10.122684,0.248997,-0.191536,0.030915,-0.000000
149343482597251,4,-0.481514,0.991791,-0.754230,0.045014,-5.000000
149343492567304,1,9.634268,-0.402226,-0.938527,0.045014,-5.000000
149343502592668,4,-0.674333,0.758491,-0.922547,0.058202,-5.000000
149343512621627,1,8.858546,-0.153229,-0.478840,0.058202,-5.000000
149343522682356,4,-0.725467,0.485775,-0.858629,0.070814,-5.000000
149343532993866,1,8.896853,1.024718,-0.201113,0.070814,-5.000000
149343543026522,4,-0.514538,0.551824,-0.651962,0.085607,-5.000000
149343552757095,1,9.184157,1.426944,0.009577,0.085607,-5.000000
149343562828658,4,-0.315328,0.458078,-0.282304,0.094345,-5.000000
149343572804283,1,10.218452,1.417367,1.493982,0.094345,-5.000000
149343582836054,4,0.102269,0.289761,-0.115052,0.098706,-5.000000
149343592870116,1,10.936713,0.804452,1.187524,0.098706,-5.000000
149343602956106,4,0.328111,0.001065,-0.321720,0.103591,-5.000000
149343612940168,1,10.132261,0.976834,0.210690,0.103591,-5.000000
149343623024231,4,0.235431,-0.374985,-0.125705,0.105613,-5.000000
149343633069074,1,9.844957,0.593762,-0.545878,0.105613,-5.000000
149343643509856,4,-0.116117,-0.339830,0.154468,0.100338,-5.000000
149343653097929,1,9.557653,1.340753,-0.038307,0.100338,-5.000000
149343664578137,4,-0.392029,-0.053265,-0.008522,0.102461,-5.000000
149343673121626,1,9.126697,0.909797,-0.124498,0.102461,-5.000000
149343683646783,4,-0.166186,-0.311067,0.323850,0.096439,-5.000000
149343693163293,1,9.145850,1.235408,-0.143652,0.096439,-5.000000
149343703164231,4,-0.169382,-0.158729,0.283369,0.093076,-5.000000
149343713247251,1,9.423578,1.254562,-0.028730,0.093076,-5.000000
149343723224804,4,-0.206668,0.199211,0.129966,0.092563,-5.000000
149343733203189,1,9.318233,1.053449,0.248997,0.092563,-5.000000
149343743245741,4,-0.077767,0.155533,0.076701,0.092105,-5.000000
149343753280845,1,9.222465,1.407791,0.105345,0.092105,-5.000000
149343763385064,4,-0.053265,0.026632,0.150207,0.092200,-5.000000
149343773338397,1,9.107543,1.426944,0.134075,0.092200,-5.000000
149343783398918,4,-0.201341,0.087354,0.234365,0.090904,-5.000000
149343793432876,1,9.002198,1.388637,0.287304,0.090904,-5.000000
149343803495324,4,-0.298283,0.092681,0.282304,0.088622,-5.000000
149343813531731,1,9.241618,1.187524,0.679953,0.088622,-5.000000
149343823549908,4,-0.300414,-0.022371,0.366462,0.083599,-5.000000
149343833598501,1,9.260772,1.206678,0.814029,0.083599,-5.000000
149343843510845,4,-0.302544,0.002131,0.397356,0.078362,-5.000000
149343853646001,1,9.203311,1.043872,0.928950,0.078362,-5.000000
149343863685220,4,-0.219451,0.092681,0.357940,0.073231,-5.000000
149343873710897,1,9.279925,1.053449,0.699107,0.073231,-5.000000
149343883743345,4,-0.108660,0.160860,0.201341,0.071385,-5.000000
149343893718501,1,9.174581,1.139640,0.430956,0.071385,-5.000000
149343903945741,4,-0.075636,0.190688,0.132097,0.071460,-5.000000
149343913624908,1,8.992621,0.986411,0.277727,0.071460,-5.000000
149343923871001,4,-0.089485,0.113987,0.241822,0.068772,-5.000000
149343934080637,1,9.002198,0.852336,0.220267,0.068772,-5.000000
149343943887564,4,-0.149142,0.243953,0.347287,0.063449,-5.000000
149343953926783,1,9.519346,0.517148,0.248997,0.063449,-5.000000
149343963748606,4,-0.229039,0.372854,0.251410,0.058247,-5.000000
149343974003345,1,10.448297,0.938527,1.589750,0.058247,-5.000000
149343984095533,4,-0.040481,0.426119,0.039416,0.059052,-5.000000
149343993705376,1,10.477027,0.612916,1.675941,0.059052,-5.000000
149344003971522,4,0.340895,0.291891,-0.076701,0.060469,-5.000000
149344015849856,1,9.643845,0.287304,0.057461,0.060469,-5.000000
149344024253033,4,0.291891,-0.004261,0.202406,0.055035,-5.000000
149344034184231,1,9.806650,0.038307,-0.067038,0.055035,-5.000000
149344044315272,4,-0.064983,-0.173643,0.485775,0.043220,-5.000000
149344054276314,1,9.519346,0.584185,0.373495,0.043220,-5.000000
149344064310480,4,-0.211994,-0.209863,0.637048,0.032023,-0.000000
149344074319491,1,9.969456,0.335188,0.785298,0.032023,-0.000000
149344084471783,4,-0.059657,-0.144880,0.628525,0.020064,-0.000000
149344094620324,1,10.534488,0.162806,1.130063,0.020064,-0.000000
149344105012877,4,0.207733,0.070310,0.352613,0.012952,-0.000000
149344114518137,1,10.927136,0.268151,1.101333,0.012952,-0.000000
149344124628605,4,0.330242,0.113987,0.074571,0.012142,-0.000000
149344134564230,1,9.730036,0.086191,0.507571,0.012142,-0.000000
149344144606314,4,0.282304,-0.034090,0.140619,0.009309,-0.000000
149344154627251,1,9.203311,-0.153229,0.009577,0.009309,-0.000000
149344164445845,4,0.156599,-0.200276,0.372854,0.000984,-0.000000
149344174899231,1,9.720459,-0.201113,0.124498,0.000984,-0.000000
149344184946522,4,0.101203,-0.234365,0.445294,-0.008772,-0.000000
149344195123397,1,10.716447,-0.689530,0.248997,-0.008772,-0.000000
149344205447929,4,0.106530,-0.095877,0.074571,-0.012999,-0.000000
149344215528033,1,10.927136,-0.718261,0.296881,-0.012999,-0.000000
149344225035429,4,-0.006392,0.128901,-0.280173,-0.010417,-0.000000
149344235092720,1,10.496181,-0.622492,0.248997,-0.010417,-0.000000
149344245000429,4,-0.137423,-0.068179,-0.150207,-0.010009,-0.000000
149344255031262,1,10.735600,-0.450110,-0.009577,-0.010009,-0.000000
149344264994752,4,-0.251410,-0.319589,-0.082028,-0.010046,-0.000000
149344274989543,1,9.787497,-0.086191,0.201113,-0.010046,-0.000000
149344285074387,4,-0.414401,-0.118248,-0.108660,-0.007911,-0.000000
149344295104335,1,9.404425,-0.536301,-0.153229,-0.007911,-0.000000
149344305551835,4,-0.561411,0.123574,-0.165121,-0.007152,-0.000000
149344315522981,1,9.720459,-0.201113,0.076614,-0.007152,-0.000000
149344325528658,4,-0.289761,0.245018,-0.187492,-0.004270,-0.000000
149344335565168,1,10.927136,0.488417,1.379060,-0.004270,-0.000000
149344345811054,4,0.251410,0.365397,-0.220516,0.002426,-0.000000
149344355733397,1,10.438720,0.660800,0.718261,0.002426,-0.000000
149344365876939,4,0.348352,0.357940,0.015979,0.005161,-0.000000
149344375832147,1,10.141838,0.124498,1.005565,0.005161,-0.000000
149344385823189,4,0.270585,0.138489,0.288695,0.000046,-0.000000
149344395565845,1,8.963891,-0.373495,0.861913,0.000046,-0.000000
149344405523710,4,0.079897,-0.022371,0.255671,-0.006823,-0.000000
149344415191002,1,8.197746,0.354342,0.440533,-0.006823,-0.000000
149344425414127,4,0.024502,0.191753,-0.154468,-0.001404,-0.000000
149344435408345,1,8.599973,0.344765,0.526724,-0.001404,-0.000000
149344445583450,4,0.112921,0.158729,-0.842650,0.016816,-0.000000
149344455494335,1,10.390836,-0.363919,1.264138,0.016816,-0.000000
149344465568606,4,0.174709,0.022371,-1.050383,0.034167,-0.000000
149344475946991,1,11.128249,-0.459687,1.177947,0.034167,-0.000000
149344485849074,4,0.194949,-0.274847,-0.588044,0.041724,-5.000000
149344495733085,1,10.706870,0.469264,0.833182,0.041724,-5.000000
149344505746262,4,0.115052,-0.383507,-0.035155,0.042492,-5.000000
149344515764908,1,10.007763,0.842759,0.402226,0.042492,-5.000000
149344525815324,4,0.054330,-0.234365,0.251410,0.039775,-5.000000
149344535804856,1,9.337387,0.536301,0.411803,0.039775,-5.000000
149344545872043,4,-0.139554,0.020241,0.299348,0.034951,-0.000000
149344555872668,1,8.781932,0.565032,0.622492,0.034951,-0.000000
149344566595637,4,-0.474057,0.083093,0.110791,0.034235,-0.000000
149344576273502,1,8.973468,-0.028730,0.517148,0.034235,-0.000000
149344586296835,4,-0.648766,0.152337,-0.126770,0.034736,-0.000000
149344596577564,1,9.356541,-0.593762,0.421380,0.034736,-0.000000
149344606338345,4,-0.450621,0.139554,-0.298283,0.035510,-0.000000
149344619716783,1,9.423578,-0.296881,0.603339,0.035510,-0.000000
149344627972668,4,-0.138489,0.045808,-0.423988,0.040873,-5.000000
149344636121939,1,9.643845,0.277727,0.785298,0.040873,-5.000000
149344646169699,4,0.077767,-0.162990,-0.470861,0.048409,-5.000000
149344656092668,1,9.998186,0.383072,0.383072,0.048409,-5.000000
149344665946887,4,0.008522,-0.060722,-0.411205,0.055629,-5.000000
149344676143762,1,9.902418,0.842759,0.478840,0.055629,-5.000000
149344686686106,4,-0.168317,0.289761,-0.298283,0.062970,-5.000000
149344696595585,1,9.979033,0.833182,1.024718,0.062970,-5.000000
149344706626574,4,-0.172578,0.004261,-0.236496,0.068466,-5.000000
149344717766679,1,10.065224,0.823605,0.928950,0.068466,-5.000000
149344726407564,4,-0.126770,-0.234365,-0.176839,0.072448,-5.000000
149344736339127,1,10.103531,0.948104,0.699107,0.072448,-5.000000
149344746374387,4,-0.092681,-0.134227,-0.118248,0.075747,-5.000000
149344756396418,1,10.065224,1.292869,0.900220,0.075747,-5.000000
149344766504283,4,-0.021306,-0.178970,-0.060722,0.079509,-5.000000
149344776555585,1,10.180145,1.254562,0.842759,0.079509,-5.000000
149344786608606,4,0.001065,-0.345156,0.030894,0.081074,-5.000000
149344796604387,1,9.931149,1.130063,0.440533,0.081074,-5.000000
149344806635220,4,-0.135293,-0.270585,0.098007,0.080821,-5.000000
149344816584387,1,9.873688,1.024718,0.114922,0.080821,-5.000000
149344826595949,4,-0.209863,-0.076701,0.111856,0.079829,-5.000000
149344836617095,1,9.873688,1.015141,0.028730,0.079829,-5.000000
149344846730533,4,-0.129966,0.004261,0.120379,0.078658,-5.000000
149344856695793,1,9.682152,0.718261,0.162806,0.078658,-5.000000
149344866814908,4,-0.086289,0.017045,0.113987,0.076252,-5.000000
149344876900116,1,8.963891,0.124498,-0.296881,0.076252,-5.000000
149344886933554,4,-0.002131,0.112921,-0.043677,0.073969,-5.000000
149344896958293,1,9.385271,0.172383,0.038307,0.073969,-5.000000
149344906927356,4,0.095877,0.122509,-0.136358,0.073779,-5.000000
149344916736366,1,9.730036,0.689530,0.670376,0.073779,-5.000000
149344927218137,4,0.080963,-0.034090,-0.115052,0.075845,-5.000000
149344937575324,1,9.911995,0.823605,0.603339,0.075845,-5.000000
149344947109856,4,-0.008522,0.010653,-0.057526,0.077285,-5.000000
149344956975481,1,9.979033,0.814029,0.565032,0.077285,-5.000000
149344966787304,4,-0.020241,0.028763,0.020241,0.077112,-5.000000
149344976581679,1,10.237606,0.641646,0.411803,0.077112,-5.000000
149344986617824,4,0.072440,0.012784,0.121444,0.074098,-5.000000
149344996659439,1,9.720459,0.584185,0.574608,0.074098,-5.000000
149345007418293,4,0.168317,0.002131,0.102269,0.071374,-5.000000
149345017506679,1,9.327810,0.488417,0.727837,0.071374,-5.000000
149345027291001,4,0.155533,-0.131032,-0.038351,0.071145,-5.000000
149345037275845,1,9.615114,0.746991,0.660800,0.071145,-5.000000
149345047297876,4,0.099073,-0.259932,-0.133162,0.073995,-5.000000
149345057306470,1,9.959879,0.957681,0.517148,0.073995,-5.000000
149345067329022,4,0.063918,-0.387768,-0.126770,0.077501,-5.000000
149345077624751,1,10.266336,1.072602,0.067038,0.077501,-5.000000
149345087597981,4,0.041547,-0.320654,-0.050069,0.079795,-5.000000
149345097386887,1,10.084377,0.928950,-0.038307,0.079795,-5.000000
149345107409647,4,-0.002131,-0.148076,0.031959,0.079796,-5.000000
149345117436887,1,9.768343,0.612916,-0.220267,0.079796,-5.000000
149345127547616,4,0.055395,0.024502,0.003196,0.078879,-5.000000
149345137497512,1,9.595961,0.497994,0.067038,0.078879,-5.000000
149345147530897,4,0.086289,0.102269,-0.066048,0.078781,-5.000000
149345157553866,1,9.643845,0.632069,0.459687,0.078781,-5.000000
149345168105845,4,0.023437,0.067114,-0.091616,0.079905,-5.000000
149345177822564,1,9.911995,0.900220,0.430956,0.079905,-5.000000
149345187929178,4,-0.059657,0.037285,-0.040481,0.081201,-5.000000
149345197654387,1,9.988609,0.986411,0.363919,0.081201,-5.000000
149345207749751,4,-0.105464,-0.007457,0.021306,0.081661,-5.000000
149345217711887,1,9.758766,0.833182,0.258574,0.081661,-5.000000
149345227881262,4,-0.071375,-0.009588,0.003196,0.081776,-5.000000
149345237840741,1,9.730036,0.593762,0.162806,0.081776,-5.000000
149345247901053,4,-0.029828,0.001065,-0.045808,0.081606,-5.000000
149345257823606,1,9.749189,0.632069,0.268151,0.081606,-5.000000
149345268028970,4,0.012784,0.009588,-0.046873,0.081659,-5.000000
149345278073606,1,9.739613,0.603339,0.344765,0.081659,-5.000000
149345287973866,4,0.036220,0.000000,-0.021306,0.081073,-5.000000
149345297916158,1,9.806650,0.670376,0.287304,0.081073,-5.000000
149345307939647,4,0.060722,0.004261,-0.004261,0.080513,-5.000000
149345317974283,1,9.787497,0.823605,0.392649,0.080513,-5.000000
149345329377303,4,0.033024,-0.031959,0.010653,0.080468,-5.000000
149345338137772,1,9.892841,0.861913,0.277727,0.080468,-5.000000
149345348168658,4,0.014914,-0.042612,0.023437,0.080371,-5.000000
149345358224283,1,9.758766,0.833182,0.143652,0.080371,-5.000000
149345368160637,4,0.027698,-0.023437,0.011718,0.080389,-5.000000
149345378152928,1,9.701305,0.699107,0.028730,0.080389,-5.000000
149345388179283,4,0.060722,0.080963,-0.040481,0.080736,-5.000000
149345398182095,1,9.758766,0.651223,0.220267,0.080736,-5.000000
149345408287460,4,0.078832,0.052200,-0.068179,0.081333,-5.000000
149345418080481,1,9.844957,0.766145,0.210690,0.081333,-5.000000
149345428548762,4,0.091616,-0.018110,-0.047938,0.082073,-5.000000
149345438771158,1,9.854534,0.900220,0.239420,0.082073,-5.000000
149345449240064,4,0.093746,0.053265,-0.012784,0.082775,-5.000000
149345458661418,1,9.739613,0.727837,-0.220267,0.082775,-5.000000
149345468442095,4,0.171513,0.209863,-0.002131,0.082405,-5.000000
149345478446470,1,9.605537,0.641646,0.277727,0.082405,-5.000000
149345488664178,4,0.186427,0.328111,0.004261,0.081538,-5.000000
149345498505324,1,9.777920,0.842759,0.354342,0.081538,-5.000000
149345508475533,4,0.116117,0.202406,0.021306,0.081359,-5.000000
149345518497824,1,9.002198,0.938527,1.426944,0.081359,-5.000000
149345528580272,4,0.037285,0.067114,0.043677,0.081651,-5.000000
149345538563345,1,9.739613,0.890643,0.660800,0.081651,-5.000000
149345548592251,4,-0.062853,0.008522,0.042612,0.081317,-5.000000
149345558836053,1,9.797073,0.967257,0.651223,0.081317,-5.000000
149345568968189,4,-0.116117,-0.131032,0.067114,0.080873,-5.000000
149345578961835,1,9.806650,0.900220,0.814029,0.080873,-5.000000
149345588781730,4,-0.196015,-0.182166,0.067114,0.080143,-5.000000
149345598810741,1,9.787497,0.718261,0.459687,0.080143,-5.000000
149345608975428,4,-0.175774,-0.077767,0.019175,0.079431,-5.000000
149345619732928,1,9.643845,0.622492,0.612916,0.079431,-5.000000
149345628955116,4,-0.083093,-0.137423,-0.068179,0.079976,-5.000000
149345638930220,1,9.806650,0.785298,0.517148,0.079976,-5.000000
149345648981678,4,-0.063918,-0.166186,-0.108660,0.082040,-5.000000
149345658959751,1,9.950302,1.024718,0.248997,0.082040,-5.000000
